itr,Methods,Total delivery,Total CP,Total EV,delivery2ev_ratio,Elapsed time (ms),Total reward,Total cost,Objective val,Total successful delivery,Avg. cost per successful delivery
1,CSA,50,10,10,5.0,3.5102367401123047,542,102.52999999999999,439.47,44,2.3302272727272726
1,NDF,50,10,10,5.0,1.1501312255859375,570.0,158.65650000000002,411.34349999999995,47,3.375670212765958
1,EDF,50,10,10,5.0,1.1494159698486328,576.0,171.3445,404.65549999999996,47,3.645627659574468
