Methods,Total delivery,Total CP,Total EV,delivery2ev_ratio,Elapsed time (ms),Total reward,Total cost,Objective val,Total successful delivery,Avg. cost per successful delivery
CSA,25,5,5,5.0,2.544879913330078,301,63.67,237.32999999999998,25,2.5468
RL,25,5,5,5.0,91.1413680005353,285.0,61.458104781098655,223.54190063476562,24,2.5607543658791108
