itr,Methods,Total delivery,Total CP,Total EV,delivery2ev_ratio,Elapsed time (ms),Total reward,Total cost,Objective val,Total successful delivery,Avg. cost per successful delivery
1,Hybrid_RL4CO,5,3,2,2.5,912.5217999680899,48.0,12.673874999999999,35.326125000000005,4,3.1684687499999997
1,Hybrid_RL4CO_partial_charging,5,3,2,2.5,912.5217999680899,48.0,12.673874999999999,35.326125000000005,4,3.1684687499999997
1,RL,5,3,2,2.5,36.1115179839544,36.0,22.15752302488685,13.84247697511315,3,7.385841008295617
1,RL_partial_charging,5,3,2,2.5,36.1115179839544,36.0,15.86962563060224,20.13037436939776,3,5.289875210200747
